<?xml version="1.0" encoding="UTF-8"?>
<manifest identifier="com.example.ixscan.12345" version="1.0"
    xmlns="http://www.imsglobal.org/xsd/imscp_v1p1"
    xmlns:xsi="http://www.w3.org/2001/XMLSchema-instance"
    xmlns:adlcp="http://www.adlnet.org/xsd/adlcp_v1p3"
    xmlns:imsmd="http://www.imsglobal.org/xsd/imsmd_v1p2"
    xmlns:imsss="http://www.imsglobal.org/xsd/imsss"
    xsi:schemaLocation="http://www.imsglobal.org/xsd/imscp_v1p1 imscp_v1p1.xsd
                        http://www.adlnet.org/xsd/adlcp_v1p3 adlcp_v1p3.xsd
                        http://www.imsglobal.org/xsd/imsmd_v1p2 imsmd_v1p2p4.xsd
                        http://www.imsglobal.org/xsd/imsss imsss_v1p0.xsd">

    <metadata>
        <schema>ADL SCORM</schema>
        <schemaversion>2004 3rd Edition</schemaversion>
        <imsmd:lom>
            <imsmd:general>
                <imsmd:title>
                    <imsmd:langstring xml:lang="nl-NL">iXscan voor onderwijstechnologie</imsmd:langstring>
                </imsmd:title>
                <imsmd:description>
                    <imsmd:langstring xml:lang="nl-NL">Een interactieve tool om de inzet van ICT in het onderwijs te analyseren.</imsmd:langstring>
                </imsmd:description>
                <imsmd:keyword>
                    <imsmd:langstring xml:lang="nl-NL">iXscan</imsmd:langstring>
                </imsmd:keyword>
                <imsmd:keyword>
                    <imsmd:langstring xml:lang="nl-NL">ICT</imsmd:langstring>
                </imsmd:keyword>
                <imsmd:keyword>
                    <imsmd:langstring xml:lang="nl-NL">Onderwijstechnologie</imsmd:langstring>
                </imsmd:keyword>
            </imsmd:general>
            <imsmd:lifeCycle>
                <imsmd:version>
                    <imsmd:langstring xml:lang="x-none">1.0</imsmd:langstring>
                </imsmd:version>
                <imsmd:status>
                    <imsmd:source>
                        <imsmd:langstring xml:lang="x-none">LOMv1.0</imsmd:langstring>
                    </imsmd:source>
                    <imsmd:value>
                        <imsmd:langstring xml:lang="x-none">Final</imsmd:langstring>
                    </imsmd:value>
                </imsmd:status>
            </imsmd:lifeCycle>
            <imsmd:metaMetadata>
                <imsmd:identifier>
                    <imsmd:catalog>iXscan Tool</imsmd:catalog>
                    <imsmd:entry>1.0</imsmd:entry>
                </imsmd:identifier>
                <imsmd:language>nl-NL</imsmd:language>
            </imsmd:metaMetadata>
            <imsmd:technical>
                <imsmd:format>text/html</imsmd:format>
                <imsmd:requirement>
                    <imsmd:type>
                        <imsmd:source>
                            <imsmd:langstring xml:lang="x-none">LOMv1.0</imsmd:langstring>
                        </imsmd:source>
                        <imsmd:value>
                            <imsmd:langstring xml:lang="x-none">Browser</imsmd:langstring>
                        </imsmd:value>
                    </imsmd:type>
                </imsmd:requirement>
            </imsmd:technical>
        </imsmd:lom>
    </metadata>

    <organizations default="ORG-IXSCAN">
        <organization identifier="ORG-IXSCAN" structure="hierarchical">
            <title>iXscan Tool</title>
            <item identifier="ITEM-IXSCAN-SCO" identifierref="RES-IXSCAN-SCO" isvisible="true">
                <title>iXscan</title>
                <!-- SCORM 2004 specific sequencing, can be very simple for a single SCO -->
                <imsss:sequencing>
                    <imsss:controlMode choice="true" flow="true"/>
                </imsss:sequencing>
            </item>
        </organization>
    </organizations>

    <resources>
        <resource identifier="RES-IXSCAN-SCO" type="webcontent" adlcp:scormType="asset" href="ixscan.html">
            <file href="ixscan.html"/>
            <file href="style.css"/>
            <file href="script.js"/>
            <file href="images/ixscan-logo-gears.png"/>
            <file href="images/samr-model.png"/>
            <file href="images/interactie-diagram.png"/>
            <file href="images/diff-per-student.png"/>
            <file href="images/diff-groepen-studenten.png"/>
            <file href="images/diff-enkele-studenten-rest.png"/>
            <file href="images/diff-enkele-studenten-meerdere-groepen.png"/>
            <!-- Add any other image files if they exist -->
        </resource>
    </resources>
</manifest>