<?xml version="1.0" encoding="UTF-8"?>
<manifest identifier="iXperium.Handreiking.ICT.v1" version="1.0"
          xmlns="http://www.imsproject.org/xsd/imscp_rootv1p1p2"
          xmlns:adlcp="http://www.adlnet.org/xsd/adlcp_rootv1p2"
          xmlns:xsi="http://www.w3.org/2001/XMLSchema-instance"
          xsi:schemaLocation="http://www.imsproject.org/xsd/imscp_rootv1p1p2 imscp_rootv1p1p2.xsd
                              http://www.adlnet.org/xsd/adlcp_rootv1p2 adlcp_rootv1p2.xsd
                              http://www.imsglobal.org/xsd/imsmd_rootv1p2p1 imsmd_rootv1p2p1.xsd">

    <metadata>
        <schema>ADL SCORM</schema>
        <schemaversion>1.2</schemaversion>
        <lom xmlns="http://www.imsglobal.org/xsd/imsmd_rootv1p2p1"
             xmlns:xsi="http://www.w3.org/2001/XMLSchema-instance"
             xsi:schemaLocation="http://www.imsglobal.org/xsd/imsmd_rootv1p2p1 imsmd_rootv1p2p1.xsd">
            <general>
                <title>
                    <langstring xml:lang="nl-NL">Handreiking Onderwijsinnovatie met ICT</langstring>
                </title>
                <description>
                    <langstring xml:lang="nl-NL">Een interactieve handreiking gebaseerd op het iXperium rapport over het borgen van competenties voor onderwijsinnovatie met ICT.</langstring>
                </description>
                <keyword>
                    <langstring xml:lang="nl-NL">ICT</langstring>
                </keyword>
                <keyword>
                    <langstring xml:lang="nl-NL">Onderwijsinnovatie</langstring>
                </keyword>
                <keyword>
                    <langstring xml:lang="nl-NL">Competenties</langstring>
                </keyword>
                 <keyword>
                    <langstring xml:lang="nl-NL">SCORM</langstring>
                </keyword>
            </general>
            <lifecycle>
                <version>
                    <langstring xml:lang="x-none">1.0</langstring>
                </version>
                <status>
                    <source>
                        <langstring xml:lang="x-none">LOMv1.0</langstring>
                    </source>
                    <value>
                        <langstring xml:lang="x-none">Final</langstring>
                    </value>
                </status>
            </lifecycle>
            <metametadata>
                <identifier>
                    <catalog>iXperium Catalog</catalog>
                    <entry>ixperium.handreiking.ict.meta.v1</entry>
                </identifier>
                <language>nl-NL</language>
            </metametadata>
            <technical>
                <format>text/html</format>
                <location>code.html</location> <!-- Or index.html if you rename it -->
            </technical>
        </lom>
    </metadata>

    <organizations default="iXperium_Handreiking_ICT_Org">
        <organization identifier="iXperium_Handreiking_ICT_Org">
            <title>Handreiking Onderwijsinnovatie met ICT</title>
            <item identifier="ITEM-1" identifierref="RESOURCE-1" isvisible="true">
                <title>Start Handreiking</title>
            </item>
        </organization>
    </organizations>

    <resources>
        <resource identifier="RESOURCE-1" type="webcontent" adlcp:scormtype="sco" href="code.html">
            <!-- List your main HTML file -->
            <file href="code.html"/>

            <!-- List all your image files -->
            <file href="images/cover_image.png"/>
            <file href="images/ixperium_logo.png"/>
            <file href="images/figuur1_raamwerk.png"/>
            <file href="images/figuur2_bouwstenen.png"/>
            <file href="images/figuur3_miller.png"/>
            <file href="images/cc_by_nc_logo.png"/>

            <!-- List the SCORM XSD files (they are part of the package itself) -->
            <file href="adlcp_rootv1p2.xsd"/>
            <file href="ims_xml.xsd"/>
            <file href="imscp_rootv1p1p2.xsd"/>
            <file href="imsmd_rootv1p2p1.xsd"/>
        </resource>
    </resources>
</manifest>