id;naam;subdomein;label;Fase;Competentie-tekst
ict;Praktische ICT-vaardigheden;Digitale technologie;Impact van digitale technologie;1;Beseffen dat veel apparaten, speelgoed en robots een computer bevatten.
ict;Praktische ICT-vaardigheden;Digitale technologie;Impact van digitale technologie;2;Beseffen dat veel apparaten, speelgoed en robots een computer bevatten.
ict;Praktische ICT-vaardigheden;Digitale technologie;Impact van digitale technologie;3;Bespreken van belang en impact van digitale technologie op allerlei terreinen in onze huidige samenleving
ict;Praktische ICT-vaardigheden;Digitale technologie;Impact van digitale technologie;3;Realiseren dat digitale technologie altijd in ontwikkeling is en dat er steeds nieuwe toepassingen voor gecreëerd kunnen worden  
ict;Praktische ICT-vaardigheden;Digitale technologie;Impact van digitale technologie;3;Beseffen dat via digitale technologie wereldwijd data wordt gedeeld en opgeslagen en dat dit veiligheidsrisico’s kent  
ict;Praktische ICT-vaardigheden;Digitale technologie;Impact van digitale technologie;3;Realiseren dat het gebruik van digitale technologie zoals het internet en mobiele netwerken nooit gratis is. Je betaalt met geld of met data  
ict;Praktische ICT-vaardigheden;Digitale technologie;Gebruik van digitale technologie;1;Samen verkennen waar in de  omgeving digitale technologie wordt gebruikt  
ict;Praktische ICT-vaardigheden;Digitale technologie;Gebruik van digitale technologie;2;Bespreken van voorbeelden van  digitale technologie in het dagelijks leven van mensen (bijv. tv kijken via streamingsdiensten, reizen met ov-chipkaart, contactloos betalen, kopen en verkopen via internet)  
ict;Praktische ICT-vaardigheden;Digitale technologie;Gebruik van digitale technologie;2;Verkennen voor welke doelen digitale netwerken worden gebruikt  
ict;Praktische ICT-vaardigheden;Digitale technologie;Gebruik van digitale technologie;3;Exploreren van toepassingen van digitale technologie in het dagelijks  leven van mensen zoals bij wonen, werken, vrije tijd, reizen en contact met de overheid  
ict;Praktische ICT-vaardigheden;Digitale technologie;Gebruik van digitale technologie;3;Verkennen hoe digitale technologie het mogelijk maakt om wereldwijd informatie te delen en te handelen in producten en diensten  
ict;Praktische ICT-vaardigheden;Digitale technologie;Gebruik van digitale technologie;3;Verkennen van functies van digitale netwerken in verschillende contexten (persoonlijke communicatie, onderwijs, professionele communicatie en globale communicatie)  
ict;Praktische ICT-vaardigheden;Digitale apparaten;Werken met digitale apparaten;1;Herkennen van verschillende digitale apparaten zoals smartphone, tablet, computer of  speelgoed  
ict;Praktische ICT-vaardigheden;Digitale apparaten;Werken met digitale apparaten;1;Kennismaken met een aantal standaard handelingen bij digitale apparaten zoals aansluiten, aanzetten en uitzetten  
ict;Praktische ICT-vaardigheden;Digitale apparaten;Werken met digitale apparaten;1;Werken met een digitaal apparaat  d.m.v. aaanraakscherm, muis en/of toetsenbord  
ict;Praktische ICT-vaardigheden;Digitale apparaten;Werken met digitale apparaten;1;Verkennen van een toetsenbord (letters, cijfers, tekens en speciale  toetsen)  
ict;Praktische ICT-vaardigheden;Digitale apparaten;Werken met digitale apparaten;1;Zorgvuldig omgaan met digitale  apparaten als tablet en computer  
ict;Praktische ICT-vaardigheden;Digitale apparaten;Werken met digitale apparaten;2;Inventariseren van digitale apparaten waarbij het gebruik  vraagt om praktische ict-vaardigheden  
ict;Praktische ICT-vaardigheden;Digitale apparaten;Werken met digitale apparaten;2;Aansluiten en werken met  verschillende digitale apparaten  
ict;Praktische ICT-vaardigheden;Digitale apparaten;Werken met digitale apparaten;2;Vaardig omgaan met een  toetsenbord  
ict;Praktische ICT-vaardigheden;Digitale apparaten;Werken met digitale apparaten;2;Beseffen dat een digitaal netwerk wordt gevormd door aan  elkaar gekoppelde digitale apparaten die data met elkaar uitwisselen en bewaren  
ict;Praktische ICT-vaardigheden;Digitale apparaten;Werken met digitale apparaten;3;Ontdekken wat het gebruik van een digitaal apparaat vraagt aan praktische ict-vaardigheden  
ict;Praktische ICT-vaardigheden;Digitale apparaten;Werken met digitale apparaten;3;Kennisnemen van mogelijke functies van een computer: rekenen, archiveren, representeren en  spelen  
ict;Praktische ICT-vaardigheden;Digitale apparaten;Werken met digitale apparaten;3;Kennisnemen van het besturings-systeem van digitale apparaten  
ict;Praktische ICT-vaardigheden;Digitale apparaten;Werken met digitale apparaten;3;Herkennen van specifieke kenmerken van digitale apparaten en kiezen van een geschikt  apparaat voor een bepaald doel  
ict;Praktische ICT-vaardigheden;Digitale apparaten;Werken met digitale apparaten;3;Aansluiten van een digitaal apparaat op internet via wifi of kabel  
ict;Praktische ICT-vaardigheden;Digitale apparaten;Aandacht voor welzijn bij het gebruik van digitale apparaten ;1;Aandacht hebben voor houding van lichaam en ogen bij het werken met digitale apparaten  
ict;Praktische ICT-vaardigheden;Digitale apparaten;Aandacht voor welzijn bij het gebruik van digitale apparaten ;2;Beseffen van het belang van een goede houding (lichaam en ogen) bij gebruik van digitale apparaten  
ict;Praktische ICT-vaardigheden;Digitale apparaten;Aandacht voor welzijn bij het gebruik van digitale apparaten ;2;Realiseren dat het gebruik van digitale technologie invloed kan hebben op je gezondheid en welzijn  
ict;Praktische ICT-vaardigheden;Digitale apparaten;Aandacht voor welzijn bij het gebruik van digitale apparaten ;3;Beseffen dat schermtijd en langdurig gebruik van digitale  apparaten invloed heeft op de  gezondheid en het welzijn van de mens zoals ogen, lichaamshouding of slaap  
ict;Praktische ICT-vaardigheden;Apps en software;Apps en software gebruiken en beheren;1;Starten, afsluiten en wisselen van apps op een digitaal apparaat  
ict;Praktische ICT-vaardigheden;Apps en software;Apps en software gebruiken en beheren;1;Kennismaken met spelletjes en educatieve apps op verschillende digitale apparaten  
ict;Praktische ICT-vaardigheden;Apps en software;Apps en software gebruiken en beheren;1;Elkaar helpen bij het gebruik van een app  
ict;Praktische ICT-vaardigheden;Apps en software;Apps en software gebruiken en beheren;1;Bespreken dat een app soms vraagt om toegang via een (al dan niet visueel) wachtwoord en hoe daar verstandig mee om te gaan  
ict;Praktische ICT-vaardigheden;Apps en software;Apps en software gebruiken en beheren;2;Gebruiken van apps en software op digitale apparaten  
ict;Praktische ICT-vaardigheden;Apps en software;Apps en software gebruiken en beheren;2;Gebruiken van educatieve programma's bij het leren  
ict;Praktische ICT-vaardigheden;Apps en software;Apps en software gebruiken en beheren;2;Aanmaken van een account als dat nodig is en inloggen binnen bepaalde te gebruiken software  
ict;Praktische ICT-vaardigheden;Apps en software;Apps en software gebruiken en beheren;2;Omgaan met mappen/bestanden/documenten (bestandsbeheer)  
ict;Praktische ICT-vaardigheden;Apps en software;Apps en software gebruiken en beheren;2;Bespreken van het belang van veilige wachtwoorden bij apps en software en hoe daar verstandig mee om te gaan  
ict;Praktische ICT-vaardigheden;Apps en software;Apps en software gebruiken en beheren;3;Gebruiken van apps en software op digitale apparaten  
ict;Praktische ICT-vaardigheden;Apps en software;Apps en software gebruiken en beheren;3;Omgaan met verschillende bestandstypen en bestanden (opslaan/terugvinden, kopiëren/verwijderen) op verschillende opslagmedia  
ict;Praktische ICT-vaardigheden;Apps en software;Apps en software gebruiken en beheren;3;Downloaden, installeren, gebruiken en verwijderen van apps  
ict;Praktische ICT-vaardigheden;Apps en software;Functioneel gebruiken van apps voor browsen op internet, communiceren en samenwerken ;1;Kennismaken met basisfunctionaliteiten van een internetbrowser
ict;Praktische ICT-vaardigheden;Apps en software;Functioneel gebruiken van apps voor browsen op internet, communiceren en samenwerken ;1;Kennismaken met eenvoudige communicatie-apps  
ict;Praktische ICT-vaardigheden;Apps en software;Functioneel gebruiken van apps voor browsen op internet, communiceren en samenwerken ;1;Samen ontdekken van mogelijkheden om online samen te werken
ict;Praktische ICT-vaardigheden;Apps en software;Functioneel gebruiken van apps voor browsen op internet, communiceren en samenwerken ;2;Gebruiken van een internetbrowser  
ict;Praktische ICT-vaardigheden;Apps en software;Functioneel gebruiken van apps voor browsen op internet, communiceren en samenwerken ;2;Verkennen van passende communicatie-apps om berichten uit te wisselen met anderen  
ict;Praktische ICT-vaardigheden;Apps en software;Functioneel gebruiken van apps voor browsen op internet, communiceren en samenwerken ;2;Gebruiken van een app om samen te werken
ict;Praktische ICT-vaardigheden;Apps en software;Functioneel gebruiken van apps voor browsen op internet, communiceren en samenwerken ;3;Gebruiken van een communicatie- app die past bij een bepaald communicatiedoel
ict;Praktische ICT-vaardigheden;Apps en software;Functioneel gebruiken van apps voor browsen op internet, communiceren en samenwerken ;3;Exploreren van de opbouw van verschillende websites en van de kenmerkende elementen
ict;Praktische ICT-vaardigheden;Apps en software;Functioneel gebruiken van apps voor browsen op internet, communiceren en samenwerken ;3;Samenwerken, organiseren en uitvoeren in een digitale samenwerkings-omgeving
ict;Praktische ICT-vaardigheden;Apps en software;Functioneel gebruiken van apps voor browsen op internet, communiceren en samenwerken ;3;Bewust zijn van het gebruik van veilige wachtwoorden bij het aanmaken van een account op een website of app
ict;Praktische ICT-vaardigheden;Apps en software;Functioneel gebruik van apps voor werken met tekeningen, tekst, audio, video, presentaties en spreadsheets;1;Gebruiken van eenvoudige tekenapps en apps om afbeeldingen te bewerken
ict;Praktische ICT-vaardigheden;Apps en software;Functioneel gebruik van apps voor werken met tekeningen, tekst, audio, video, presentaties en spreadsheets;1;Werken met een eenvoudige app voor tekstverwerking
ict;Praktische ICT-vaardigheden;Apps en software;Functioneel gebruik van apps voor werken met tekeningen, tekst, audio, video, presentaties en spreadsheets;1;Gebruiken van een digitale camera voor het maken van foto's en video's
ict;Praktische ICT-vaardigheden;Apps en software;Functioneel gebruik van apps voor werken met tekeningen, tekst, audio, video, presentaties en spreadsheets;1;Gebruiken van een daarvoor geschikt digitaal apparaat om audio-opnames te maken
ict;Praktische ICT-vaardigheden;Apps en software;Functioneel gebruik van apps voor werken met tekeningen, tekst, audio, video, presentaties en spreadsheets;2;Gebruiken van de basis-functionaliteit van apps voor tekeningen, tekst en presentaties
ict;Praktische ICT-vaardigheden;Apps en software;Functioneel gebruik van apps voor werken met tekeningen, tekst, audio, video, presentaties en spreadsheets;2;Verkennen van mogelijkheden voor visuele en grafische vormgeving binnen apps
ict;Praktische ICT-vaardigheden;Apps en software;Functioneel gebruik van apps voor werken met tekeningen, tekst, audio, video, presentaties en spreadsheets;2;Exploreren van apps voor audio en video
ict;Praktische ICT-vaardigheden;Apps en software;Functioneel gebruik van apps voor werken met tekeningen, tekst, audio, video, presentaties en spreadsheets;2;Kiezen van een geschikte app die bij het gebruiksdoel past (bijv. het maken van een tekening, een tekst of een presentatie)
ict;Praktische ICT-vaardigheden;Apps en software;Functioneel gebruik van apps voor werken met tekeningen, tekst, audio, video, presentaties en spreadsheets;3;Ontdekken en gebruiken van gevorderde functionaliteit in apps voor tekstverwerking en presentaties zoals het opmaken van teksten en pagina's/dia's
ict;Praktische ICT-vaardigheden;Apps en software;Functioneel gebruik van apps voor werken met tekeningen, tekst, audio, video, presentaties en spreadsheets;3;Ontdekken en gebruiken van gevorderde functionaliteit in een app voor video zoals met een camera opgenomen scenes monteren tot een videofilmpje
ict;Praktische ICT-vaardigheden;Apps en software;Functioneel gebruik van apps voor werken met tekeningen, tekst, audio, video, presentaties en spreadsheets;3;Ontdekken en gebruiken van gevorderde functionaliteit in apps voor tekeningen en audio
ict;Praktische ICT-vaardigheden;Apps en software;Functioneel gebruik van apps voor werken met tekeningen, tekst, audio, video, presentaties en spreadsheets;3;Gebruiken van de basis-functionaliteit van een app voor spreadsheets
ict;Praktische ICT-vaardigheden;Apps en software;Functioneel gebruik van apps voor werken met tekeningen, tekst, audio, video, presentaties en spreadsheets;3;Inzetten van apps voor tekeningen, tekst, audio, video, presentaties en spreadsheets bij het leerproces
ict;Praktische ICT-vaardigheden;Apps en software;Functioneel gebruik van apps voor werken met tekeningen, tekst, audio, video, presentaties en spreadsheets;3;Verzamelen en creëren van de benodigde 'content' voor een digitale presentatie
mediawijsheid;Mediawijsheid;Digitale media en digitale content;Digitale media gebruiken;1;Samen verkennen van enkele digitale media en functies
mediawijsheid;Mediawijsheid;Digitale media en digitale content;Digitale media gebruiken;1;Praten over positieve aspecten en de gevaren van digitale media
mediawijsheid;Mediawijsheid;Digitale media en digitale content;Digitale media gebruiken;1;Exploreren in digitale programma's en op afgeschermde websites
mediawijsheid;Mediawijsheid;Digitale media en digitale content;Digitale media gebruiken;2;Verkennen van functies van diverse digitale media en dat deze veranderen en zich ontwikkelen
mediawijsheid;Mediawijsheid;Digitale media en digitale content;Digitale media gebruiken;2;Beseffen dat digitale media steeds veranderen, nieuwe vormen verschijnen en oude verdwijnen
mediawijsheid;Mediawijsheid;Digitale media en digitale content;Digitale media gebruiken;2;Samen bespreken van de invloed en reikwijdte van content in digitale media
mediawijsheid;Mediawijsheid;Digitale media en digitale content;Digitale media gebruiken;3;Begrijpen van de werking en eigenschappen van digitale media
mediawijsheid;Mediawijsheid;Digitale media en digitale content;Digitale media gebruiken;3;Onderzoeken van functies van nieuwe vormen van digitale media
mediawijsheid;Mediawijsheid;Digitale media en digitale content;Digitale media gebruiken;3;Samen verkennen hoe media- mechanismen verleiden om steeds verder te lezen, kijken, klikken of spelen
mediawijsheid;Mediawijsheid;Digitale media en digitale content;Digitale media gebruiken;3;Kiezen van een geschikt platform voor het delen van eigen content (passend bij doel en doelgroep)
mediawijsheid;Mediawijsheid;Digitale media en digitale content;Kenmerken van digitale content;1;Kennismaken met verschillende elementen van content in digitale media zoals teksten, foto's, afbeeldingen, audio- en videofragmenten
mediawijsheid;Mediawijsheid;Digitale media en digitale content;Kenmerken van digitale content;1;Samen verkennen of content in digitale media nieuws, ontspanning of reclame is
mediawijsheid;Mediawijsheid;Digitale media en digitale content;Kenmerken van digitale content;1;Samen verkennen van de rol van reclame in digitale media
mediawijsheid;Mediawijsheid;Digitale media en digitale content;Kenmerken van digitale content;2;Onderzoeken van kenmerken van online content op websites en in communicatieapps
mediawijsheid;Mediawijsheid;Digitale media en digitale content;Kenmerken van digitale content;2;Herkennen van de functie van content in digitale media (commercieel, informerend, amuserend of meningsvormend)
mediawijsheid;Mediawijsheid;Digitale media en digitale content;Kenmerken van digitale content;2;Realiseren dat content door iedereen gemaakt en op allerlei digitale media gepubliceerd kan worden
mediawijsheid;Mediawijsheid;Digitale media en digitale content;Kenmerken van digitale content;2;Verkennen van het doel en de betrouwbaarheid van content in digitale media
mediawijsheid;Mediawijsheid;Digitale media en digitale content;Kenmerken van digitale content;3;Onderzoeken van kenmerken van commerciële, informerende, amuserende en meningsvormende content in diverse digitale media
mediawijsheid;Mediawijsheid;Digitale media en digitale content;Kenmerken van digitale content;3;Onderzoeken en vergelijken van het doel en de betrouwbaarheid van content in digitale media (zowel inhoud als afzender)
mediawijsheid;Mediawijsheid;Digitale media en digitale content;Kenmerken van digitale content;3;Beseffen dat content in digitale media een gekleurd beeld kan geven van de werkelijkheid
mediawijsheid;Mediawijsheid;Digitale media en digitale content;Kenmerken van digitale content;3;Inzien dat het doel van online content 'verpakt' kan worden
mediawijsheid;Mediawijsheid;Digitale media en digitale content;Kenmerken van digitale content;3;Bespreken van de rol van reclame in veel online content (bijv. inspelen op voorkeuren en koopgedrag)
mediawijsheid;Mediawijsheid;Digitale media en digitale content;Kenmerken van digitale content;3;Verkennen van de functie en invloed van beeldtaal in digitale content
mediawijsheid;Mediawijsheid;Digitale media en digitale content;Kenmerken van digitale content;3;Exploreren van toepassingen van digitale technologie in het dagelijks leven van mensen zoals bij wonen, werken, vrije tijd, reizen en contact met de overheid
mediawijsheid;Mediawijsheid;Digitale media en digitale content;veilig en bewust omgaan met digitale content;2;Zorgvuldig handelen bij het surfen op internet
mediawijsheid;Mediawijsheid;Digitale media en digitale content;veilig en bewust omgaan met digitale content;2;Bespreken dat digitale media ook ongewone en ongewenste content kunnen bevatten
mediawijsheid;Mediawijsheid;Digitale media en digitale content;veilig en bewust omgaan met digitale content;3;Beseffen dat bij het gebruik van digitale media sporen worden achtergelaten door de gebruiker
mediawijsheid;Mediawijsheid;Digitale media en digitale content;veilig en bewust omgaan met digitale content;3;Realiseren dat bij het surfen op internet de aangeboden informatie vaak wordt gepersonaliseerd d.m.v. cookies
mediawijsheid;Mediawijsheid;Digitale media en digitale content;veilig en bewust omgaan met digitale content;3;Bewust zijn dat digitale media ook ongewone en ongewenste content kunnen bevatten
mediawijsheid;Mediawijsheid;Digitale media en digitale content;veilig en bewust omgaan met digitale content;3;Herkennen wanneer informatie op sociale media ongewenst of schokkend is én weten met wie dit te bespreken is (vertrouwenspersoon)
mediawijsheid;Mediawijsheid;Digitale media en digitale content;veilig en bewust omgaan met digitale content;3;Veilig omgaan met eigen digitale content bij het creëren, publiceren en delen ('eens geplaatst, voor altijd geplaatst')
mediawijsheid;Mediawijsheid;Digitale media en digitale content;veilig en bewust omgaan met digitale content;3;Beseffen van het belang om zorgvuldig om te gaan met digitale content van anderen of content waarin anderen herkenbaar voorkomen
mediawijsheid;Mediawijsheid;Digitale media en digitale content;veilig en bewust omgaan met digitale content;3;Bespreken hoe te handelen bij ongewenst gebruik en misbruik van eigen digitale content
mediawijsheid;Mediawijsheid;Online communiceren;veilig en bewust online communiceren;2;Samen bespreken van functie en werking (o.a. impact) van sociale media
mediawijsheid;Mediawijsheid;Online communiceren;veilig en bewust online communiceren;2;Bespreken van risico's van het delen van persoonlijke informatie op websites en sociale netwerken
mediawijsheid;Mediawijsheid;Online communiceren;veilig en bewust online communiceren;2;Samen verkennen van risico's van veelvuldig gebruik van digitale media
mediawijsheid;Mediawijsheid;Online communiceren;veilig en bewust online communiceren;3;Bespreken van voor- en nadelen van het deelnemen aan sociale media
mediawijsheid;Mediawijsheid;Online communiceren;veilig en bewust online communiceren;3;Ontdekken en ervaren van mogelijkheden van sociale media in een veilige omgeving
mediawijsheid;Mediawijsheid;Online communiceren;veilig en bewust online communiceren;3;Beseffen van het belang van veilig gedrag bij deelnemen aan sociale media
mediawijsheid;Mediawijsheid;Online communiceren;veilig en bewust online communiceren;3;Bewust zijn van het belang van sociale gedragsregels bij het gebruik van sociale media (op een respectvolle wijze omgaan met elkaar)
mediawijsheid;Mediawijsheid;Online communiceren;veilig en bewust online communiceren;3;Bespreken van het belang om bewust om te gaan met persoonlijke profielen op sociale media en hoe daarvoor te zorgen
mediawijsheid;Mediawijsheid;Online communiceren;veilig en bewust online communiceren;3;Herkennen van en omgaan met ongewenste communicatie (bijv. online shaming)
mediawijsheid;Mediawijsheid;Online communiceren;veilig en bewust online communiceren;3;Bewust zijn dat zowel de zender als de ontvanger een vertaalslag maakt van content op sociale media
mediawijsheid;Mediawijsheid;Online communiceren;veilig en bewust online communiceren;3;Realiseren dat een online bijdrage of reactie weer (nieuwe) kan oproepen
mediawijsheid;Mediawijsheid;Online communiceren;veilig en bewust online communiceren;3;Bespreken dat op sociale platforms mensen een andere (digitale) identiteit kunnen aannemen en een onlineprofiel niet echt hoeft te zijn
mediawijsheid;Mediawijsheid;Online communiceren;veilig en bewust online communiceren;3;Beseffen dat met deelname aan sociale platforms data wordt gegenereerd die voor verschillende doeleinden gebruikt kunnen worden (bijv. ter verbetering van dienstverlening, maar ook voor commerciële doeleinden)
mediawijsheid;Mediawijsheid;Online communiceren;veilig en bewust online communiceren;3;Realiseren dat mensen veel te weten kunnen komen van iemand door alle informatie die online over hem/haar te vinden is en daarmee een inschatting maken van persoonlijke voorkeuren
mediawijsheid;Mediawijsheid;Online communiceren;aanwezigheid en invloed van media in je eigen leven;1;Samen verkennen van de rol van reclame in digitale media
mediawijsheid;Mediawijsheid;Online communiceren;aanwezigheid en invloed van media in je eigen leven;2;Reflecteren op eigen gebruik van digitale media en dat van anderen (bijv. welke media, hoe lang en hoe vaak)
mediawijsheid;Mediawijsheid;Online communiceren;aanwezigheid en invloed van media in je eigen leven;2;Ervaren van de rol van digitale media in het eigen leven (bijv. voor leren, communicatie en vermaak)
mediawijsheid;Mediawijsheid;Online communiceren;aanwezigheid en invloed van media in je eigen leven;2;Vormen van een eigen mening over commerciële, informerende, amuserende en meningsvormende online content
mediawijsheid;Mediawijsheid;Online communiceren;aanwezigheid en invloed van media in je eigen leven;3;Onderzoeken van het eigen patroon van mediagebruik
mediawijsheid;Mediawijsheid;Online communiceren;aanwezigheid en invloed van media in je eigen leven;3;Reflecteren hoe eigen mening en zelfbeeld worden beïnvloed door digitale media en content (bijv. reclame)
mediawijsheid;Mediawijsheid;Online communiceren;aanwezigheid en invloed van media in je eigen leven;3;Ontwikkelen van een weerbare houding ten aanzien van media-boodschappen in digitale media
mediawijsheid;Mediawijsheid;Online communiceren;aanwezigheid en invloed van media in je eigen leven;3;Bewust worden van de rol van digitale media en media-boodschappen op eigen levensstijl en eigen kijk op de wereld
mediawijsheid;Mediawijsheid;Online communiceren;aanwezigheid en invloed van media in je eigen leven;3;Beseffen dat veelvuldig gebruik van digitale media risico's van verslaving en ongewenst gedrag kan veroorzaken
mediawijsheid;Mediawijsheid;Online communiceren;aanwezigheid en invloed van media in de samenleving;1;Ervaren dat de leefwereld doordrongen is van digitale media met digitale content
mediawijsheid;Mediawijsheid;Online communiceren;aanwezigheid en invloed van media in de samenleving;2;Verkennen van de plek die digitale (sociale) media in onze samenleving innemen
mediawijsheid;Mediawijsheid;Online communiceren;aanwezigheid en invloed van media in de samenleving;2;Bewust zijn van de invloed van online content op de mening van jezelf en anderen
mediawijsheid;Mediawijsheid;Online communiceren;aanwezigheid en invloed van media in de samenleving;2;Bespreken van positieve en negatieve kant van digitale media met digitale content voor mens en samenleving
mediawijsheid;Mediawijsheid;Online communiceren;aanwezigheid en invloed van media in de samenleving;3;Ontwikkelen van strategieën om optimaal met digitale media en games om te gaan (zelfregulering)
mediawijsheid;Mediawijsheid;Online communiceren;aanwezigheid en invloed van media in de samenleving;3;Bewust worden van het belang van (persoonlijke) mediavaardigheid voor de toekomst
mediawijsheid;Mediawijsheid;Online communiceren;aanwezigheid en invloed van media in de samenleving;3;Beseffen dat digitale media overal aanwezig zijn in de leefwereld van mensen en invloed hebben op het leven van mensen
mediawijsheid;Mediawijsheid;Online communiceren;aanwezigheid en invloed van media in de samenleving;3;Bespreken van rol en functie van digitale media op allerlei terreinen in onze huidige samenleving
mediawijsheid;Mediawijsheid;Online communiceren;aanwezigheid en invloed van media in de samenleving;3;Realiseren dat beschikbaarheid van en vaardigheid met digitale media van invloed is op kansengelijkheid in de samenleving
informatie;Digitale informatievaardigheden;informatie zoeken, vinden en selecteren;een informatievraag formuleren vanuit een informatiebehoefte;1;Samen verkennen wat over een onderwerp bekend is en daarover vertellen
informatie;Digitale informatievaardigheden;informatie zoeken, vinden en selecteren;een informatievraag formuleren vanuit een informatiebehoefte;1;Bedenken van vragen bij een onderwerp waarover je meer wilt weten
informatie;Digitale informatievaardigheden;informatie zoeken, vinden en selecteren;een informatievraag formuleren vanuit een informatiebehoefte;2;Opstellen van een passende en bruikbare informatievraag waarbij het onderwerp wordt afgebakend en wordt nagegaan wat al bekend is
informatie;Digitale informatievaardigheden;informatie zoeken, vinden en selecteren;een informatievraag formuleren vanuit een informatiebehoefte;2;Oriënteren op verschillende soorten vragen (bijv. open en gesloten)
informatie;Digitale informatievaardigheden;informatie zoeken, vinden en selecteren;een informatievraag formuleren vanuit een informatiebehoefte;3;Formuleren van een informatievraag vanuit een informatie-behoefte
informatie;Digitale informatievaardigheden;informatie zoeken, vinden en selecteren;een informatievraag formuleren vanuit een informatiebehoefte;3;Formuleren van deelvragen in relatie tot een informatievraag
informatie;Digitale informatievaardigheden;informatie zoeken, vinden en selecteren;zoektermen(en), een geschikte zoekstrategie en geschikte digitale bronnen bepalen voor het verkrijgen van relevante informatie;1;Bedenken van vragen bij een onderwerp waarover je meer wilt weten
informatie;Digitale informatievaardigheden;informatie zoeken, vinden en selecteren;zoektermen(en), een geschikte zoekstrategie en geschikte digitale bronnen bepalen voor het verkrijgen van relevante informatie;1;Gebruiken van een passende digitale bron bij een bepaald type informatievraag
informatie;Digitale informatievaardigheden;informatie zoeken, vinden en selecteren;zoektermen(en), een geschikte zoekstrategie en geschikte digitale bronnen bepalen voor het verkrijgen van relevante informatie;2;Bepalen van bruikbare zoektermen voor een informatievraag
informatie;Digitale informatievaardigheden;informatie zoeken, vinden en selecteren;zoektermen(en), een geschikte zoekstrategie en geschikte digitale bronnen bepalen voor het verkrijgen van relevante informatie;2;Zoeken van digitale bronnen waar bruikbare informatie te vinden is en inschatten van de aard van die digitale informatiebronnen
informatie;Digitale informatievaardigheden;informatie zoeken, vinden en selecteren;zoektermen(en), een geschikte zoekstrategie en geschikte digitale bronnen bepalen voor het verkrijgen van relevante informatie;3;Omzetten van informatievraag in relevante zoektermen en combineren van zoektermen
informatie;Digitale informatievaardigheden;informatie zoeken, vinden en selecteren;zoektermen(en), een geschikte zoekstrategie en geschikte digitale bronnen bepalen voor het verkrijgen van relevante informatie;3;Bepalen van digitale bronnen waarin bruikbare informatie te vinden is bij een informatievraag
informatie;Digitale informatievaardigheden;informatie zoeken, vinden en selecteren;digitale informatie verzamelen en selecteren;1;Verzamelen van informatie uit een digitale bron
informatie;Digitale informatievaardigheden;informatie zoeken, vinden en selecteren;digitale informatie verzamelen en selecteren;1;Samen een selectie maken uit de gevonden informatie
informatie;Digitale informatievaardigheden;informatie zoeken, vinden en selecteren;digitale informatie verzamelen en selecteren;2;Verzamelen van informatie uit een digitale bron en daaruit een relevante selectie maken
informatie;Digitale informatievaardigheden;informatie zoeken, vinden en selecteren;digitale informatie verzamelen en selecteren;2;Vergelijken van informatie uit enkele digitale bronnen
informatie;Digitale informatievaardigheden;informatie zoeken, vinden en selecteren;digitale informatie verzamelen en selecteren;3;Omgaan met niet-lineaire digitale teksten bij het zoeken naar informatie
informatie;Digitale informatievaardigheden;informatie zoeken, vinden en selecteren;digitale informatie verzamelen en selecteren;3;Verzamelen van informatie uit een digitale bron en daaruit een relevante selectie maken
informatie;Digitale informatievaardigheden;informatie verwerken, evalueren en presteren;digitale informatie verwerken en evalueren;1;Bepalen of gevonden informatie voldoet als antwoord
informatie;Digitale informatievaardigheden;informatie verwerken, evalueren en presteren;digitale informatie verwerken en evalueren;1;Vertellen over gebruikte digitale bronnen
informatie;Digitale informatievaardigheden;informatie verwerken, evalueren en presteren;digitale informatie verwerken en evalueren;1;Verwoorden van een antwoord met behulp van de gevonden resultaten
informatie;Digitale informatievaardigheden;informatie verwerken, evalueren en presteren;digitale informatie verwerken en evalueren;1;Vastleggen van gevonden informatie
informatie;Digitale informatievaardigheden;informatie verwerken, evalueren en presteren;digitale informatie verwerken en evalueren;1;Samen terugblikken op het proces 'van vraag naar antwoord' en daarover vertellen
informatie;Digitale informatievaardigheden;informatie verwerken, evalueren en presteren;digitale informatie verwerken en evalueren;2;Samen bespreken van de betrouwbaarheid van gevonden informatie
informatie;Digitale informatievaardigheden;informatie verwerken, evalueren en presteren;digitale informatie verwerken en evalueren;2;Onderscheiden van feiten en meningen in digitale informatie
informatie;Digitale informatievaardigheden;informatie verwerken, evalueren en presteren;digitale informatie verwerken en evalueren;2;Verbinden van de gevonden informatie met wat al over het onderwerp bekend is en beantwoorden van de informatievraag
informatie;Digitale informatievaardigheden;informatie verwerken, evalueren en presteren;digitale informatie verwerken en evalueren;2;Beoordelen of de gevonden informatie bruikbaar en representatief is
informatie;Digitale informatievaardigheden;informatie verwerken, evalueren en presteren;digitale informatie verwerken en evalueren;2;Bijhouden van een lijst met gebruikte digitale bronnen bij het vastleggen van gevonden informatiev
informatie;Digitale informatievaardigheden;informatie verwerken, evalueren en presteren;digitale informatie verwerken en evalueren;2;Samen bespreken van de kwaliteit van het antwoord op de informatievraag
informatie;Digitale informatievaardigheden;informatie verwerken, evalueren en presteren;digitale informatie verwerken en evalueren;2;Opslaan van gevonden informatie in een digitale omgeving
informatie;Digitale informatievaardigheden;informatie verwerken, evalueren en presteren;digitale informatie verwerken en evalueren;2;Evalueren aan de hand van concrete vragen hoe het proces van informatieverwerving is doorlopen
informatie;Digitale informatievaardigheden;informatie verwerken, evalueren en presteren;digitale informatie verwerken en evalueren;3;Beoordelen of de gevonden informatie bruikbaar, betrouwbaar en representatief is
informatie;Digitale informatievaardigheden;informatie verwerken, evalueren en presteren;digitale informatie verwerken en evalueren;3;Vergelijken van informatie uit meerdere digitale informatiebronnen en bruikbare informatie samenvoegen
informatie;Digitale informatievaardigheden;informatie verwerken, evalueren en presteren;digitale informatie verwerken en evalueren;3;Formuleren van een antwoord op de informatievraag op basis van gevonden informatie
informatie;Digitale informatievaardigheden;informatie verwerken, evalueren en presteren;digitale informatie verwerken en evalueren;3;Vermelden van de gebruikte diegitale bron bij het vastleggen van gevonden informatie uit de betreffende bron
informatie;Digitale informatievaardigheden;informatie verwerken, evalueren en presteren;digitale informatie verwerken en evalueren;3;Beoordelen in hoeverre de gevonden informatie een voldoende antwoord geeft op de vraag
informatie;Digitale informatievaardigheden;informatie verwerken, evalueren en presteren;digitale informatie verwerken en evalueren;3;Opslaan van gevonden informatie in een digitale omgeving
informatie;Digitale informatievaardigheden;informatie verwerken, evalueren en presteren;digitale informatie verwerken en evalueren;3;Evalueren van het proces van digitale informatieverwerving
informatie;Digitale informatievaardigheden;informatie verwerken, evalueren en presteren;digitale informatie presenteren;1;Presenteren van de gevonden informatie (bijv. in een tekening)
informatie;Digitale informatievaardigheden;informatie verwerken, evalueren en presteren;digitale informatie presenteren;2;Presenteren van de gevonden informatie als antwoord op een informatievraag
informatie;Digitale informatievaardigheden;informatie verwerken, evalueren en presteren;digitale informatie presenteren;2;Aandacht hebben voor visuele en grafische vormgeving van de gevonden informatie
informatie;Digitale informatievaardigheden;informatie verwerken, evalueren en presteren;digitale informatie presenteren;3;Realiseren dat informatie van internet soms niet gedeeld mag worden en anders niet zonder bronvermelding
informatie;Digitale informatievaardigheden;informatie verwerken, evalueren en presteren;digitale informatie presenteren;3;Presenteren van de gevonden informatie in een passende presentatievorm en met een passende vormgeving
computational;Computational Thinking;data en dataverwerking;kenmerken van (digitale) data;1;Bespreken van eigenschappen van voorwerpen uit een verzameling als een concrete vorm van data (bijv. doos met lego, doos met strijkkralen, letterdoos, verzameling plaatjes van spaaractie)
computational;Computational Thinking;data en dataverwerking;kenmerken van (digitale) data;1;Ontdekken dat verzamelingen ook op afbeeldingen kunnen staan (bijv. groepsfoto, plaat met diverse vervoersmiddelen, poster met pictogrammen/symbolen of een tekst met tekens)
computational;Computational Thinking;data en dataverwerking;kenmerken van (digitale) data;2;Verkennen waar data aanwezig is in de eigen omgeving zowel in concreet materiaal als in het platte vlak (symbolen, tekens)
computational;Computational Thinking;data en dataverwerking;kenmerken van (digitale) data;2;Onderzoeken van eigenschappen van elementen uit een verzameling in de vorm van symbolen, tekens, letters of cijfers
computational;Computational Thinking;data en dataverwerking;kenmerken van (digitale) data;2;Ervaren van specifieke weergavevormen van data zoals in geheimschrift en morse
computational;Computational Thinking;data en dataverwerking;kenmerken van (digitale) data;2;Bespreken dat een bit de kleinste eenheid van data in een computer is en twee waardes kent 0 of 1 (nee/ja, uit/aan, niet waar/waar)
computational;Computational Thinking;data en dataverwerking;kenmerken van (digitale) data;3;Verkennen dat alle digitale media (tekst, afbeelding, audio, video) wordt opgeslagen in bytes)
computational;Computational Thinking;data en dataverwerking;kenmerken van (digitale) data;3;Realiseren dat alle digitale technologie werkt met digitale data volgens het principe van invoer, verwerking, opslag en uitvoer van data
computational;Computational Thinking;data en dataverwerking;kenmerken van (digitale) data;3;Bespreken dat digitale dataverzamelingen groter worden omdat digitale technologie deze steeds beter en sneller kan verwerken
computational;Computational Thinking;data en dataverwerking;kenmerken van (digitale) data;3;Verkennen en bespreken van de mogelijkheden en risico’s van digitale dataverwerking (bijv. datalek t.a.v. privacygevoelige data)
computational;Computational Thinking;data en dataverwerking;kenmerken van (digitale) data;3;Bespreken dat digitale data bestaat uit nullen en enen (bits) die worden opgeslagen in bytes
computational;Computational Thinking;data en dataverwerking;verzamelen, analyseren, en visualiseren van data;1;Ordenen van voorwerpen op één of meer zichtbare (of onzichtbare) eigenschappen
computational;Computational Thinking;data en dataverwerking;verzamelen, analyseren, en visualiseren van data;1;Weergeven van verzamelde data in een eenvoudige grafiek, diagram, lijst, visual, etc.
computational;Computational Thinking;data en dataverwerking;verzamelen, analyseren, en visualiseren van data;1;Verzamelen van data
computational;Computational Thinking;data en dataverwerking;verzamelen, analyseren, en visualiseren van data;2;Verzamelen van beschikbare data uit verschillende bronnen
computational;Computational Thinking;data en dataverwerking;verzamelen, analyseren, en visualiseren van data;2;Onderzoeken, categoriseren en selecteren van bruikbare data uit een dataverzameling
computational;Computational Thinking;data en dataverwerking;verzamelen, analyseren, en visualiseren van data;2;Weergeven van verzamelde data in passende grafieken, lijsten, teksten en visuals
computational;Computational Thinking;data en dataverwerking;verzamelen, analyseren, en visualiseren van data;3;Genereren van een nieuwe dataverzameling
computational;Computational Thinking;data en dataverwerking;verzamelen, analyseren, en visualiseren van data;3;Selecteren van bruikbare data uit een dataverzameling
computational;Computational Thinking;data en dataverwerking;verzamelen, analyseren, en visualiseren van data;3;Analyseren van data uit een dataverzameling
computational;Computational Thinking;data en dataverwerking;verzamelen, analyseren, en visualiseren van data;3;Weergeven van verzamelde data in passende kaart, tabel, grafiek of visual zodat hieruit conclusies getrokken kunnen worden
computational;Computational Thinking;data en dataverwerking;verzamelen, analyseren, en visualiseren van data;3;Digitaliseren van verzamelde data door deze om te zetten in codes waarmee digitale technologie kan rekenen
computational;Computational Thinking;decompositie;probleem of taak opdelen in kleinere deelproblemen of -taken die het oplossen eenvoudiger maken;1;Benoemen van onderdelen van een voorwerp als delen van een groter geheel (bijv. bij een vliegtuig of plant)
computational;Computational Thinking;decompositie;probleem of taak opdelen in kleinere deelproblemen of -taken die het oplossen eenvoudiger maken;1;Opdelen van een taak in deeltaken
computational;Computational Thinking;decompositie;probleem of taak opdelen in kleinere deelproblemen of -taken die het oplossen eenvoudiger maken;1;Plaatsen van deeltaken in een logische volgorde
computational;Computational Thinking;decompositie;probleem of taak opdelen in kleinere deelproblemen of -taken die het oplossen eenvoudiger maken;2;Opdelen van een taak in deeltaken
computational;Computational Thinking;decompositie;probleem of taak opdelen in kleinere deelproblemen of -taken die het oplossen eenvoudiger maken;2;Opdelen van een gegeven probleem in deelproblemen
computational;Computational Thinking;decompositie;probleem of taak opdelen in kleinere deelproblemen of -taken die het oplossen eenvoudiger maken;2;Opdelen van een proces in stappen en waar mogelijk weer in deelstappen
computational;Computational Thinking;decompositie;probleem of taak opdelen in kleinere deelproblemen of -taken die het oplossen eenvoudiger maken;2;Plaatsen van deelproblemen/deeltaken in een logische volgorde
computational;Computational Thinking;decompositie;probleem of taak opdelen in kleinere deelproblemen of -taken die het oplossen eenvoudiger maken;3;Opdelen van een complex probleem of taak in een aantal deelproblemen/deeltaken (bijv. bij een zaakvak, werkstuk, regie van film of lesstof)
computational;Computational Thinking;decompositie;probleem of taak opdelen in kleinere deelproblemen of -taken die het oplossen eenvoudiger maken;3;Analyseren van een taak en hier een repeterende deeltaak of deeltaken uithalen waarbij een computer behulpzaam kan zijn
computational;Computational Thinking;decompositie;probleem of taak opdelen in kleinere deelproblemen of -taken die het oplossen eenvoudiger maken;3;Weergeven van deelproblemen/deeltaken in een passende visuele weergave (bijv. stappenschema)
computational;Computational Thinking;patroonherkenning;herkennen van patronen in situaties, problemen en oplossingen;1;Herkennen van patronen in de dag zoals het ritme van opstaan, aankleden, naar school, spelen, eten, slapen
computational;Computational Thinking;patroonherkenning;herkennen van patronen in situaties, problemen en oplossingen;1;Bespreken van patronen in de leefomgeving (bijv. ritme van seizoenen, huizen in een straat)
computational;Computational Thinking;patroonherkenning;herkennen van patronen in situaties, problemen en oplossingen;1;Voortzetten van patronen met concrete voorwerpen, op papier en digitaal
computational;Computational Thinking;patroonherkenning;herkennen van patronen in situaties, problemen en oplossingen;2;Verkennen van patronen in verhalen en gedichten, liedjes, ritmes en dans
computational;Computational Thinking;patroonherkenning;herkennen van patronen in situaties, problemen en oplossingen;2;Onderzoeken van patronen in de leefomgeving (netnummers en postcodes, autokentekens)
computational;Computational Thinking;patroonherkenning;herkennen van patronen in situaties, problemen en oplossingen;2;Herkennen van patronen in grammatica en spelling en onderzoeken van regels hiervoor
computational;Computational Thinking;patroonherkenning;herkennen van patronen in situaties, problemen en oplossingen;2;Ontdekken van een patroon in een probleem (bijv. een terugkerende fout in een situatie of taak)
computational;Computational Thinking;patroonherkenning;herkennen van patronen in situaties, problemen en oplossingen;3;Onderzoeken, categoriseren en herkennen van patronen in concrete situaties en abstracte situaties zoals cijferreeksen
computational;Computational Thinking;patroonherkenning;herkennen van patronen in situaties, problemen en oplossingen;3;Zoeken naar vergelijkbare probleemsituaties om de daar gekozen oplossing te (her-)gebruiken bij de eigen probleemsituatie
computational;Computational Thinking;patroonherkenning;automatiseren van eenvoudige patronen met digitale technologie;1;Herkennen van de herhaling van taken in verschillende situaties
computational;Computational Thinking;patroonherkenning;automatiseren van eenvoudige patronen met digitale technologie;1;Beseffen dat een computer een taak eindeloos kan herhalen (bijv. in oefeningen)
computational;Computational Thinking;patroonherkenning;automatiseren van eenvoudige patronen met digitale technologie;2;Herkennen van voorbeelden van terugkerende taken waarvoor een computer wordt ingezet
computational;Computational Thinking;patroonherkenning;automatiseren van eenvoudige patronen met digitale technologie;2;Vergelijken van resultaten van handelingen die handmatig of door apparaten zijn uitgevoerd
computational;Computational Thinking;patroonherkenning;automatiseren van eenvoudige patronen met digitale technologie;2;Bespreken van de rol van automatisering in het dagelijkse leven
computational;Computational Thinking;patroonherkenning;automatiseren van eenvoudige patronen met digitale technologie;3;Onderzoeken of en op welke manier digitale technologie kan worden ingezet bij een telkens terugkerende taak of handeling
computational;Computational Thinking;patroonherkenning;automatiseren van eenvoudige patronen met digitale technologie;3;Bespreken van voor- en nadelen van het geautomatiseerd uitvoeren van taken
computational;Computational Thinking;abstractie;richten op belangrijke informatie van een probleem en details buiten beschouwing laten;1;(na)vertellen van concrete situaties op hoofdlijnen
computational;Computational Thinking;abstractie;richten op belangrijke informatie van een probleem en details buiten beschouwing laten;1;Aangeven van elementaire kenmerken van personen, planten, dieren en voorwerpen
computational;Computational Thinking;abstractie;richten op belangrijke informatie van een probleem en details buiten beschouwing laten;1;Bespreken wat het belangrijkste is van een uit te voeren taak
computational;Computational Thinking;abstractie;richten op belangrijke informatie van een probleem en details buiten beschouwing laten;2;Onderzoeken in welke vormen 'abstractie' in de omgeving voorkomt
computational;Computational Thinking;abstractie;richten op belangrijke informatie van een probleem en details buiten beschouwing laten;2;Herkennen van belangrijke elementen in een proces, verhaal of foto
computational;Computational Thinking;abstractie;richten op belangrijke informatie van een probleem en details buiten beschouwing laten;2;Herkennen, gebruiken en zelf maken van verschillende 'geabstraheerde verschijningsvormen' zoals plattegrond/kaart en schema
computational;Computational Thinking;abstractie;richten op belangrijke informatie van een probleem en details buiten beschouwing laten;3;Aangeven van belangrijkste aspecten bij een probleem of vraagstukv
computational;Computational Thinking;abstractie;richten op belangrijke informatie van een probleem en details buiten beschouwing laten;3;Weergeven van een proces of situatie in de werkelijkheid in een samenvatting op hoofdlijnen
computational;Computational Thinking;abstractie;richten op belangrijke informatie van een probleem en details buiten beschouwing laten;3;Grafisch of schematisch weergeven van een proces of situatie in een model (modellering)
computational;Computational Thinking;abstractie;richten op belangrijke informatie van een probleem en details buiten beschouwing laten;3;Onderzoeken of een conceptueel model een juiste weergave van een proces of situatie is
computational;Computational Thinking;abstractie;richten op belangrijke informatie van een probleem en details buiten beschouwing laten;3;Onderzoeken en in kaart brengen van het model dat achter een eenvoudig computerspel ligt (modellering)
computational;Computational Thinking;algoritmes;Verklaren van de werking en zelf ontwerpen van een serie geordende instructies of regels die stap voor stap worden uitgevoerd om een probleem op te lossen;1;Ontdekken dat bepaalde reeksen een logische ordening kennen
computational;Computational Thinking;algoritmes;Verklaren van de werking en zelf ontwerpen van een serie geordende instructies of regels die stap voor stap worden uitgevoerd om een probleem op te lossen;1;Plaatsen van instructies of regels in een logische volgorde
computational;Computational Thinking;algoritmes;Verklaren van de werking en zelf ontwerpen van een serie geordende instructies of regels die stap voor stap worden uitgevoerd om een probleem op te lossen;1;Op volgorde uitvoeren van een reeks instructies of regels die leidt tot een resultaat
computational;Computational Thinking;algoritmes;Verklaren van de werking en zelf ontwerpen van een serie geordende instructies of regels die stap voor stap worden uitgevoerd om een probleem op te lossen;1;Samen formuleren van een serie geordende instructies voor het uitvoeren van een bepaalde taak
computational;Computational Thinking;algoritmes;Verklaren van de werking en zelf ontwerpen van een serie geordende instructies of regels die stap voor stap worden uitgevoerd om een probleem op te lossen;1;Samen opzetten van 'als-dan' redeneringen en conclusies trekken uit deze redeneringen
computational;Computational Thinking;algoritmes;Verklaren van de werking en zelf ontwerpen van een serie geordende instructies of regels die stap voor stap worden uitgevoerd om een probleem op te lossen;1;Voorspellen wat er gebeurt in bepaalde situaties in een spelapp op een digitaal apparaat
computational;Computational Thinking;algoritmes;Verklaren van de werking en zelf ontwerpen van een serie geordende instructies of regels die stap voor stap worden uitgevoerd om een probleem op te lossen;1;Samen exploreren welke instructies nodig zijn voor programmeerbaar speelgoed om een probleem op te lossen
computational;Computational Thinking;algoritmes;Verklaren van de werking en zelf ontwerpen van een serie geordende instructies of regels die stap voor stap worden uitgevoerd om een probleem op te lossen;1;Ervaren dat door handelingen gelijktijdig uit te voeren een taak sneller uitgevoerd kan worden (parallellisatie)
computational;Computational Thinking;algoritmes;Verklaren van de werking en zelf ontwerpen van een serie geordende instructies of regels die stap voor stap worden uitgevoerd om een probleem op te lossen;2;Samen verkennen van voorbeelden van een 'algoritme'
computational;Computational Thinking;algoritmes;Verklaren van de werking en zelf ontwerpen van een serie geordende instructies of regels die stap voor stap worden uitgevoerd om een probleem op te lossen;2;Onderzoeken waar in de directe omgeving algoritmes worden gebruikt
computational;Computational Thinking;algoritmes;Verklaren van de werking en zelf ontwerpen van een serie geordende instructies of regels die stap voor stap worden uitgevoerd om een probleem op te lossen;2;Ontwikkelen van een reeks instructies om een probleem op te lossen
computational;Computational Thinking;algoritmes;Verklaren van de werking en zelf ontwerpen van een serie geordende instructies of regels die stap voor stap worden uitgevoerd om een probleem op te lossen;2;Onderzoeken van een gegeven reeks instructies of regels en oplossen van mogelijke fouten in deze reeks
computational;Computational Thinking;algoritmes;Verklaren van de werking en zelf ontwerpen van een serie geordende instructies of regels die stap voor stap worden uitgevoerd om een probleem op te lossen;2;Onderzoeken hoe een algoritme kan worden weergegeven door middel van symbolen
computational;Computational Thinking;algoritmes;Verklaren van de werking en zelf ontwerpen van een serie geordende instructies of regels die stap voor stap worden uitgevoerd om een probleem op te lossen;2;Verkennen van een beslisboom als voorbeeld van een algoritme (bijv. een determinatiekaart voor dieren, bomen of planten)
computational;Computational Thinking;algoritmes;Verklaren van de werking en zelf ontwerpen van een serie geordende instructies of regels die stap voor stap worden uitgevoerd om een probleem op te lossen;2;Onderzoeken wat de achterliggende regel is bij een instructie (bijv. een getallenreeks of een 'als-dan' redenering)
computational;Computational Thinking;algoritmes;Verklaren van de werking en zelf ontwerpen van een serie geordende instructies of regels die stap voor stap worden uitgevoerd om een probleem op te lossen;2;Uitschrijven van een reeks instructies in codetaal die door een ander opgevolgd kan worden als oplossing van een probleem
computational;Computational Thinking;algoritmes;Verklaren van de werking en zelf ontwerpen van een serie geordende instructies of regels die stap voor stap worden uitgevoerd om een probleem op te lossen;2;Kennismaken met eenvoudige programmeersoftware om vertrouwd te raken met beginselen van programmeren (bijv. door een script te maken met blokjes en commando's)
computational;Computational Thinking;algoritmes;Verklaren van de werking en zelf ontwerpen van een serie geordende instructies of regels die stap voor stap worden uitgevoerd om een probleem op te lossen;2;Identificeren van handelingen die binnen een uit te voeren taak gelijktijdig uitgevoerd kunnen worden (parallellisatie)
computational;Computational Thinking;algoritmes;Verklaren van de werking en zelf ontwerpen van een serie geordende instructies of regels die stap voor stap worden uitgevoerd om een probleem op te lossen;3;Onderzoeken van een gegeven algoritme op werking en bruikbaarheid in een bepaalde situatie
computational;Computational Thinking;algoritmes;Verklaren van de werking en zelf ontwerpen van een serie geordende instructies of regels die stap voor stap worden uitgevoerd om een probleem op te lossen;3;Formuleren van een set instructies of regels met sequentie en/of herhalingslussen voor het oplossen van een probleem
computational;Computational Thinking;algoritmes;Verklaren van de werking en zelf ontwerpen van een serie geordende instructies of regels die stap voor stap worden uitgevoerd om een probleem op te lossen;3;Zoeken en identificeren van procedures bij rekenen en taal als voorbeelden van algoritmes
computational;Computational Thinking;algoritmes;Verklaren van de werking en zelf ontwerpen van een serie geordende instructies of regels die stap voor stap worden uitgevoerd om een probleem op te lossen;3;Ontwerpen van een beslisboom bij de stappen in een proces
computational;Computational Thinking;algoritmes;Verklaren van de werking en zelf ontwerpen van een serie geordende instructies of regels die stap voor stap worden uitgevoerd om een probleem op te lossen;3;Onderzoeken van een gegeven algoritme op mogelijke fouten en deze verbeteren (debugging)
computational;Computational Thinking;algoritmes;Verklaren van de werking en zelf ontwerpen van een serie geordende instructies of regels die stap voor stap worden uitgevoerd om een probleem op te lossen;3;Bewust worden van het belang dat een algoritme nauwkeurig én eenduidig geformuleerd is
computational;Computational Thinking;algoritmes;Verklaren van de werking en zelf ontwerpen van een serie geordende instructies of regels die stap voor stap worden uitgevoerd om een probleem op te lossen;3;Verkennen of een probleem vertaald kan worden in instructies of regels
computational;Computational Thinking;algoritmes;Verklaren van de werking en zelf ontwerpen van een serie geordende instructies of regels die stap voor stap worden uitgevoerd om een probleem op te lossen;3;Een complexe taak welke handelingen gelijktijdig uitgevoerd kunnen worden (parallellisatie)
computational;Computational Thinking;algoritmes;Verklaren van de werking en zelf ontwerpen van een serie geordende instructies of regels die stap voor stap worden uitgevoerd om een probleem op te lossen;3;Exploreren van de programmeertaal in eenvoudige programmeer-software
computational;Computational Thinking;reflectie;reflecteren op computational thinking;1;Praten met elkaar over hoe 'problemen' opgelost worden met digitale technologie
computational;Computational Thinking;reflectie;reflecteren op computational thinking;1;Praten over genomen beslissingen, gevonden oplossingen en de rol van de computer hierbij
computational;Computational Thinking;reflectie;reflecteren op computational thinking;2;Verkennen of een probleem vertaald kan worden in instructies of regels die de inzet van een computer mogelijk maakt
computational;Computational Thinking;reflectie;reflecteren op computational thinking;2;Reflecteren op de inzet van decompositie, patroonherkenning, abstractie en algoritmes bij het oplossen een probleem
computational;Computational Thinking;reflectie;reflecteren op computational thinking;2;Onderzoeken van de meerwaarde van de computer bij het oplossen van een probleem
computational;Computational Thinking;reflectie;reflecteren op computational thinking;3;Reflecteren op de inzet van decompositie, patroonherkenning, abstractie en algoritmes bij het oplossen een probleem
computational;Computational Thinking;reflectie;reflecteren op computational thinking;3;Onderzoeken of een gevonden oplossing voor een probleem in een andere situatie herbruikbaar is (generalisatie)
computational;Computational Thinking;reflectie;reflecteren op computational thinking;3;Bespreken van voor- en nadelen én de gevolgen bij het inzetten van een computer voor het oplossen van een probleem
