{
  "pageTitle": "Geavanceerde Digitale Leermiddelen - MŠMT Showcase",
  "videoTitle": "Showcase: Geavanceerde Digitale Leermiddelen in Tsjechische Scholen (MŠMT)",
  "selectLanguageLabel": "Paginataal: ",
  "navHeader": "Video Onderwerpen",
  "tabVideoSummary": "Video Samenvatting",
  "tabIntroFunding": "Intro & Financiering",
  "tabPhysicsSamLabs": "Natuurkunde: SAM Labs",
  "tabSchoolStrategy": "Schoolstrategie",
  "tabEnglishDashRobot": "Engels: Dash Robot",
  "tabICTCoordinator3DPrinting": "ICT & 3D Printen",
  "tabMath3DPrinting": "Wiskunde: 3D Printen",
  "tabOtherSubjectsMicrobit": "Andere Vakken: Micro:bit",
  "tabInformaticsCodeyRocky": "Informatica: Codey Rocky",
  "tabResourcesSupport": "Bronnen & Ondersteuning",
  "summaryTitle": "Video Samenvatting",
  "summaryText": "Deze video van MŠMT (Ministerie van Onderwijs, Jeugd en Sport, Tsjechië) toont het effectieve gebruik van geavanceerde digitale leermiddelen op een Tsjechische basisschool (ZŠ Dr. Edvarda Beneše, Praag-Čakovice). Het belicht hoe financiering door het ministerie scholen in staat stelt om tools zoals programmeerbare robots (SAM Labs, Dash, Micro:bit, Codey Rocky) en 3D-printers te integreren in verschillende vakken, waaronder Natuurkunde, Engels, Informatica en Wiskunde. Leraren bespreken hun strategieën voor het selecteren en implementeren van deze hulpmiddelen, met de nadruk op teamwerk, lerarenopleiding en het doel om het computationeel denken en de digitale competenties van studenten voor de toekomst te ontwikkelen. De video moedigt andere scholen aan om deze technologieën te verkennen en biedt bronnen voor verdere informatie.",
  "introFundingTitle": "Introductie & Financiering",
  "introFundingDesc": "Overzicht van het initiatief van het ministerie en financiële steun voor digitaal onderwijs.",
  "qIntroFunding1": "Wat is het doel van de financiering van het Ministerie van Onderwijs voor scholen?",
  "aIntroFunding1": "Scholen helpen de digitale kloof te voorkomen en geavanceerde digitale leermiddelen aan te schaffen.",
  "qIntroFunding2": "Voor wie is deze video bedoeld?",
  "aIntroFunding2": "Schooldirecteuren, ICT-coördinatoren en leraren die beslissen over de implementatie van digitale leermiddelen.",
  "physicsSamLabsTitle": "Natuurkunde: SAM Labs Klaslokaal Kit",
  "physicsSamLabsDesc": "Demonstratie van het gebruik van SAM Labs voor praktische natuurkunde-experimenten.",
  "qPhysicsSamLabs1": "Welk digitaal hulpmiddel wordt gebruikt in de getoonde natuurkundeles?",
  "aPhysicsSamLabs1": "De SAM Labs Klaslokaal Kit, die sensoren bevat die via Bluetooth met iPads kunnen worden verbonden.",
  "qPhysicsSamLabs2": "Welk experiment voeren de studenten uit?",
  "aPhysicsSamLabs2": "Ze bouwen een lier om een voorwerp op te tillen en berekenen vervolgens het werk en het vermogen van de motor.",
  "schoolStrategyTitle": "Schoolstrategie voor Digitale Hulpmiddelen",
  "schoolStrategyDesc": "Inzichten in hoe de school digitale leermiddelen selecteert en integreert.",
  "qSchoolStrategy1": "Hoe beslist de school welke digitale hulpmiddelen aan te schaffen?",
  "aSchoolStrategy1": "Ze kiezen vaak hulpmiddelen waar ze al ervaring mee hebben. Het team van informaticaleraren en vakdocenten werkt samen aan beslissingen.",
  "englishDashRobotTitle": "Engels: Dash Robot voor Taalonderwijs",
  "englishDashRobotDesc": "Gebruik van programmeerbare robots om Engelse taallessen te verbeteren.",
  "qEnglishDashRobot1": "Hoe wordt een programmeerbare robot (Dash) gebruikt in Engelse lessen?",
  "aEnglishDashRobot1": "Kinderen kunnen hun stem opnemen, en de robot herhaalt het. Dit kan worden gebruikt voor het oefenen van uitspraak of interactieve dialogen.",
  "ictCoordinator3DPrintingTitle": "ICT Coördinatie & 3D Printen",
  "ictCoordinator3DPrintingDesc": "De rol van de ICT-coördinator en de toepassing van 3D-printen in het onderwijs.",
  "qICTCoordinator3DPrinting1": "Hoe kiest de ICT-coördinator digitale hulpmiddelen?",
  "aICTCoordinator3DPrinting1": "Door voortdurende uitwisseling met collega's (bijv. Facebook-groepen, schoolteams), het volgen van trainingen en vervolgens toepassen in verschillende vakken.",
  "qICTCoordinator3DPrinting2": "Wat is een favoriet digitaal hulpmiddel voor de ICT-coördinator, en hoe wordt het gebruikt?",
  "aICTCoordinator3DPrinting2": "3D-printen is zeer aantrekkelijk voor studenten. Ze ontwerpen en printen items voor thuisgebruik (bijv. kabelhouders) en educatieve hulpmiddelen voor de school.",
  "qICTCoordinator3DPrinting3": "Welke praktische items hebben studenten 3D-geprint?",
  "aICTCoordinator3DPrinting3": "Klokken (het ontwerpen van wekkers, het toevoegen van mechanismen), kerstboomversieringen en penningen voor sportdag evenementen.",
  "math3DPrintingTitle": "Wiskunde: 3D Geprinte Hulpmiddelen",
  "math3DPrintingDesc": "Creëren van aangepaste hulpmiddelen voor wiskundeonderwijs met behulp van 3D-printers.",
  "qMath3DPrinting1": "Hoe wordt 3D-printen gebruikt in wiskunde?",
  "aMath3DPrinting1": "Om verschillende linialen, gradenbogen, hulpmiddelen voor de Hejný-methode van wiskunde, puzzels, blokken en breinbrekers te creëren.",
  "otherSubjectsMicrobitTitle": "Andere Vakken: Micro:bit en Dash",
  "otherSubjectsMicrobitDesc": "Gebruik van veelzijdige tools zoals Micro:bit en Dash in verschillende vakken.",
  "qOtherSubjectsMicrobit1": "Hoe wordt Micro:bit gebruikt in natuurkunde?",
  "aOtherSubjectsMicrobit1": "Om thermometers te maken. Studenten kunnen de thermometer ontwerpen, mogelijk in samenwerking met tekenleraren voor de esthetiek.",
  "qOtherSubjectsMicrobit2": "Hoe worden Micro:bit en Dash gebruikt in het Engels?",
  "aOtherSubjectsMicrobit2": "Micro:bit kan tekst weergeven. De Dash-robot wordt vaker gebruikt omdat deze kan spreken, wat de taaloefening bevordert.",
  "informaticsCodeyRockyTitle": "Informatica: Codey Rocky Robot",
  "informaticsCodeyRockyDesc": "Programmeren van robots voor specifieke bewegingen in de informaticales.",
  "qInformaticsCodeyRocky1": "Welke robot wordt gebruikt in de getoonde informaticales?",
  "aInformaticsCodeyRocky1": "Codey Rocky, geprogrammeerd met de Makeblock-applicatie.",
  "qInformaticsCodeyRocky2": "Welke taak programmeren de studenten de Codey Rocky robot om te doen?",
  "aInformaticsCodeyRocky2": "Rechtlijnige (rechte lijn) beweging en vervolgens kromlijnige (gebogen) beweging uitvoeren.",
  "resourcesSupportTitle": "Bronnen, Ondersteuning en Financieringsvoorwaarden",
  "resourcesSupportDesc": "Informatie over waar ondersteuning te vinden is en richtlijnen voor het gebruik van onderwijsfondsen.",
  "qResourcesSupport1": "Waar kunnen scholen inspiratie en informatie over digitale hulpmiddelen vinden?",
  "aResourcesSupport1": "Van MŠMT-bronnen zoals edu.cz/digitalizujeme en door IT Guru's (of \"vrienden aan de telefoon\") te raadplegen.",
  "qResourcesSupport2": "Wat is belangrijk bij het gebruik van middelen uit het Nationaal Herstelplan?",
  "aResourcesSupport2": "Ze moeten worden gebruikt in overeenstemming met de gespecificeerde voorwaarden, het doel en de criteria die zijn gepubliceerd in Staatscourant 01/2022 of de officiële Oproep.",
  "qResourcesSupport3": "Waar is meer informatie te vinden?",
  "aResourcesSupport3": "edu.cz/digitalizujeme en revize.edu.cz."
}